artisanId,loginCount,projectsCreated,quotesRequested,quotesAccepted,invoicesCreated,subscriptionPayments,engagementLevel,premiumPotential
synthetic-artisan-0001,10,6,6,4,4,1,MEDIUM,MEDIUM
synthetic-artisan-0002,11,2,4,4,4,0,MEDIUM,MEDIUM
synthetic-artisan-0003,32,10,9,4,8,0,HIGH,HIGH
synthetic-artisan-0004,38,21,33,15,13,1,HIGH,HIGH
synthetic-artisan-0005,6,0,2,1,1,0,LOW,LOW
synthetic-artisan-0006,62,11,36,9,23,1,HIGH,HIGH
synthetic-artisan-0007,32,3,3,4,5,2,HIGH,HIGH
synthetic-artisan-0008,16,2,20,5,3,0,HIGH,MEDIUM
synthetic-artisan-0009,4,2,0,0,0,0,LOW,LOW
synthetic-artisan-0010,6,1,1,1,0,0,LOW,LOW
synthetic-artisan-0011,79,18,37,15,13,1,HIGH,HIGH
synthetic-artisan-0012,7,1,3,0,1,0,LOW,LOW
synthetic-artisan-0013,8,2,2,1,1,0,LOW,LOW
synthetic-artisan-0014,2,2,3,0,0,0,LOW,LOW
synthetic-artisan-0015,8,5,11,5,3,0,MEDIUM,MEDIUM
synthetic-artisan-0016,24,10,7,1,2,0,HIGH,MEDIUM
synthetic-artisan-0017,49,11,30,20,18,2,HIGH,HIGH
synthetic-artisan-0018,9,4,9,5,4,0,MEDIUM,MEDIUM
synthetic-artisan-0019,2,2,0,1,1,0,LOW,LOW
synthetic-artisan-0020,5,1,1,0,0,0,LOW,LOW
synthetic-artisan-0021,6,0,29,3,2,1,HIGH,MEDIUM
synthetic-artisan-0022,7,2,1,1,1,0,LOW,LOW
synthetic-artisan-0023,10,5,15,3,2,0,HIGH,MEDIUM
synthetic-artisan-0024,3,0,2,0,0,0,LOW,LOW
synthetic-artisan-0025,10,3,14,1,4,0,MEDIUM,MEDIUM
synthetic-artisan-0026,32,24,27,15,27,2,HIGH,HIGH
synthetic-artisan-0027,64,26,42,14,31,2,HIGH,HIGH
synthetic-artisan-0028,1,2,3,1,1,0,LOW,LOW
synthetic-artisan-0029,33,2,13,2,1,0,HIGH,MEDIUM
synthetic-artisan-0030,34,15,24,13,23,2,HIGH,HIGH
synthetic-artisan-0031,7,0,0,1,1,0,LOW,LOW
synthetic-artisan-0032,27,2,4,4,3,0,MEDIUM,MEDIUM
synthetic-artisan-0033,6,0,1,1,0,0,LOW,LOW
synthetic-artisan-0034,7,1,3,1,0,0,LOW,LOW
synthetic-artisan-0035,11,10,3,6,3,0,HIGH,HIGH
synthetic-artisan-0036,26,4,3,2,3,0,MEDIUM,MEDIUM
synthetic-artisan-0037,43,20,19,25,25,2,HIGH,HIGH
synthetic-artisan-0038,23,10,8,5,4,0,HIGH,HIGH
synthetic-artisan-0039,6,0,2,1,1,0,LOW,LOW
synthetic-artisan-0040,9,2,0,0,0,0,LOW,LOW
synthetic-artisan-0041,14,7,4,4,6,0,HIGH,MEDIUM
synthetic-artisan-0042,73,17,45,7,27,3,HIGH,HIGH
synthetic-artisan-0043,7,1,14,0,0,0,MEDIUM,LOW
synthetic-artisan-0044,4,2,1,1,0,0,LOW,LOW
synthetic-artisan-0045,18,2,4,7,5,0,MEDIUM,MEDIUM
synthetic-artisan-0046,68,16,22,30,27,2,HIGH,HIGH
synthetic-artisan-0047,13,3,14,3,9,0,HIGH,MEDIUM
synthetic-artisan-0048,14,8,5,1,5,0,MEDIUM,MEDIUM
synthetic-artisan-0049,10,5,13,5,2,0,HIGH,MEDIUM
synthetic-artisan-0050,8,1,11,1,3,0,MEDIUM,LOW
synthetic-artisan-0051,54,15,29,12,31,3,HIGH,HIGH
synthetic-artisan-0052,19,1,12,3,2,0,MEDIUM,MEDIUM
synthetic-artisan-0053,10,0,3,1,1,0,LOW,LOW
synthetic-artisan-0054,12,2,26,4,3,0,HIGH,MEDIUM
synthetic-artisan-0055,7,2,11,4,2,0,MEDIUM,MEDIUM
synthetic-artisan-0056,35,7,9,2,7,1,HIGH,HIGH
synthetic-artisan-0057,6,0,1,1,1,0,LOW,LOW
synthetic-artisan-0058,14,4,16,5,3,0,HIGH,MEDIUM
synthetic-artisan-0059,31,8,8,7,6,0,HIGH,HIGH
synthetic-artisan-0060,22,4,12,5,7,0,HIGH,HIGH
synthetic-artisan-0061,16,8,15,6,8,0,HIGH,HIGH
synthetic-artisan-0062,35,4,13,2,5,0,HIGH,MEDIUM
synthetic-artisan-0063,3,2,2,0,0,0,LOW,LOW
synthetic-artisan-0064,0,0,3,0,1,0,LOW,LOW
synthetic-artisan-0065,30,5,14,7,8,0,HIGH,HIGH
synthetic-artisan-0066,10,3,15,7,4,0,HIGH,MEDIUM
synthetic-artisan-0067,3,0,3,0,1,0,LOW,LOW
synthetic-artisan-0068,63,27,32,31,34,2,HIGH,HIGH
synthetic-artisan-0069,63,22,22,30,33,2,HIGH,HIGH
synthetic-artisan-0070,68,16,45,22,26,1,HIGH,HIGH
synthetic-artisan-0071,4,0,2,1,1,0,LOW,LOW
synthetic-artisan-0072,3,1,1,0,0,0,LOW,LOW
synthetic-artisan-0073,20,10,10,7,4,0,HIGH,HIGH
synthetic-artisan-0074,34,2,16,7,8,0,HIGH,HIGH
synthetic-artisan-0075,22,8,11,4,8,0,HIGH,HIGH
synthetic-artisan-0076,22,7,13,7,6,1,HIGH,HIGH
synthetic-artisan-0077,21,0,18,4,4,0,HIGH,MEDIUM
synthetic-artisan-0078,14,9,5,1,5,0,MEDIUM,MEDIUM
synthetic-artisan-0079,20,8,7,7,5,1,HIGH,HIGH
synthetic-artisan-0080,8,0,2,0,0,0,LOW,LOW
synthetic-artisan-0081,69,9,13,14,13,4,HIGH,HIGH
synthetic-artisan-0082,7,2,0,0,1,0,LOW,LOW
synthetic-artisan-0083,77,19,22,26,26,5,HIGH,HIGH
synthetic-artisan-0084,38,17,18,25,22,4,HIGH,HIGH
synthetic-artisan-0085,32,5,4,4,2,0,HIGH,MEDIUM
synthetic-artisan-0086,66,11,14,18,23,2,HIGH,HIGH
synthetic-artisan-0087,10,1,0,1,1,0,LOW,LOW
synthetic-artisan-0088,21,9,14,3,7,0,HIGH,HIGH
synthetic-artisan-0089,27,9,10,7,6,0,HIGH,HIGH
synthetic-artisan-0090,33,16,40,14,30,2,HIGH,HIGH
synthetic-artisan-0091,25,7,5,8,6,0,HIGH,HIGH
synthetic-artisan-0092,29,6,11,1,9,2,HIGH,HIGH
synthetic-artisan-0093,6,1,1,1,1,0,LOW,LOW
synthetic-artisan-0094,33,17,26,19,28,1,HIGH,HIGH
synthetic-artisan-0095,26,7,9,6,6,0,HIGH,HIGH
synthetic-artisan-0096,17,3,14,4,6,0,HIGH,MEDIUM
synthetic-artisan-0097,7,1,2,0,0,0,LOW,LOW
synthetic-artisan-0098,21,4,7,1,9,0,HIGH,MEDIUM
synthetic-artisan-0099,21,2,28,1,3,0,HIGH,MEDIUM
synthetic-artisan-0100,25,9,10,6,4,2,HIGH,HIGH
synthetic-artisan-0101,19,0,8,3,3,0,MEDIUM,MEDIUM
synthetic-artisan-0102,9,1,0,0,0,0,LOW,LOW
synthetic-artisan-0103,23,5,15,7,8,1,HIGH,HIGH
synthetic-artisan-0104,17,2,24,4,4,0,HIGH,MEDIUM
synthetic-artisan-0105,10,5,12,2,1,0,MEDIUM,MEDIUM
synthetic-artisan-0106,15,2,9,8,8,0,HIGH,HIGH
synthetic-artisan-0107,19,9,4,4,5,1,HIGH,HIGH
synthetic-artisan-0108,27,5,13,3,5,1,HIGH,HIGH
synthetic-artisan-0109,4,2,2,1,0,0,LOW,LOW
synthetic-artisan-0110,72,20,29,23,23,2,HIGH,HIGH
synthetic-artisan-0111,23,7,12,5,5,0,HIGH,HIGH
synthetic-artisan-0112,12,4,7,1,3,0,MEDIUM,MEDIUM
synthetic-artisan-0113,9,4,19,5,3,1,HIGH,MEDIUM
synthetic-artisan-0114,20,7,13,2,3,0,HIGH,MEDIUM
synthetic-artisan-0115,22,10,3,8,6,0,HIGH,HIGH
synthetic-artisan-0116,6,2,0,1,1,0,LOW,LOW
synthetic-artisan-0117,5,2,3,1,0,0,LOW,LOW
synthetic-artisan-0118,2,1,3,1,1,0,LOW,LOW
synthetic-artisan-0119,23,1,28,1,2,0,HIGH,MEDIUM
synthetic-artisan-0120,1,1,0,0,1,0,LOW,LOW
synthetic-artisan-0121,13,4,28,2,3,0,HIGH,MEDIUM
synthetic-artisan-0122,8,0,3,0,0,0,LOW,LOW
synthetic-artisan-0123,12,3,16,4,2,0,HIGH,MEDIUM
synthetic-artisan-0124,65,26,43,11,20,2,HIGH,HIGH
synthetic-artisan-0125,34,10,9,8,7,1,HIGH,HIGH
synthetic-artisan-0126,17,8,3,6,8,0,HIGH,HIGH
synthetic-artisan-0127,31,4,10,1,3,0,HIGH,MEDIUM
synthetic-artisan-0128,18,0,22,3,0,0,HIGH,LOW
synthetic-artisan-0129,8,0,21,2,2,0,MEDIUM,LOW
synthetic-artisan-0130,20,10,9,6,8,1,HIGH,HIGH
synthetic-artisan-0131,17,6,6,2,7,2,HIGH,HIGH
synthetic-artisan-0132,32,6,3,1,6,1,HIGH,HIGH
synthetic-artisan-0133,23,4,6,7,7,0,HIGH,HIGH
synthetic-artisan-0134,22,5,10,3,4,0,HIGH,MEDIUM
synthetic-artisan-0135,31,2,15,8,7,0,HIGH,HIGH
synthetic-artisan-0136,5,2,2,1,1,0,LOW,LOW
synthetic-artisan-0137,40,20,42,10,13,2,HIGH,HIGH
synthetic-artisan-0138,32,6,3,7,7,0,HIGH,HIGH
synthetic-artisan-0139,19,2,30,1,4,0,HIGH,MEDIUM
synthetic-artisan-0140,29,6,13,3,3,1,HIGH,MEDIUM
synthetic-artisan-0141,24,2,12,6,4,0,HIGH,MEDIUM
synthetic-artisan-0142,23,4,6,3,9,1,HIGH,HIGH
synthetic-artisan-0143,18,4,7,8,6,1,HIGH,HIGH
synthetic-artisan-0144,57,10,21,31,36,1,HIGH,HIGH
synthetic-artisan-0145,21,2,8,3,3,0,MEDIUM,MEDIUM
synthetic-artisan-0146,31,6,12,7,6,0,HIGH,HIGH
synthetic-artisan-0147,29,10,8,4,2,0,HIGH,HIGH
synthetic-artisan-0148,13,5,19,0,1,0,MEDIUM,LOW
synthetic-artisan-0149,7,0,0,0,0,0,LOW,LOW
synthetic-artisan-0150,21,10,9,3,7,0,HIGH,HIGH
synthetic-artisan-0151,18,2,14,6,5,0,HIGH,MEDIUM
synthetic-artisan-0152,34,19,34,8,18,1,HIGH,HIGH
synthetic-artisan-0153,18,0,27,1,4,1,HIGH,MEDIUM
synthetic-artisan-0154,43,12,25,9,32,3,HIGH,HIGH
synthetic-artisan-0155,17,7,15,3,2,0,HIGH,MEDIUM
synthetic-artisan-0156,21,2,11,0,0,0,MEDIUM,LOW
synthetic-artisan-0157,35,5,12,6,6,0,HIGH,HIGH
synthetic-artisan-0158,6,2,0,0,1,0,LOW,LOW
synthetic-artisan-0159,21,10,12,2,8,0,HIGH,HIGH
synthetic-artisan-0160,70,24,31,21,26,5,HIGH,HIGH
synthetic-artisan-0161,16,3,27,0,3,0,HIGH,MEDIUM
synthetic-artisan-0162,12,7,12,3,2,0,HIGH,MEDIUM
synthetic-artisan-0163,29,10,7,8,9,0,HIGH,HIGH
synthetic-artisan-0164,35,28,25,20,20,4,HIGH,HIGH
synthetic-artisan-0165,24,8,9,2,6,0,HIGH,MEDIUM
synthetic-artisan-0166,14,9,4,2,2,0,MEDIUM,MEDIUM
synthetic-artisan-0167,51,12,15,25,36,2,HIGH,HIGH
synthetic-artisan-0168,54,19,39,30,28,5,HIGH,HIGH
synthetic-artisan-0169,28,10,6,3,8,0,HIGH,HIGH
synthetic-artisan-0170,27,7,4,5,5,1,HIGH,HIGH
synthetic-artisan-0171,31,6,3,3,5,0,HIGH,MEDIUM
synthetic-artisan-0172,15,0,11,1,4,0,MEDIUM,LOW
synthetic-artisan-0173,10,0,0,0,1,0,LOW,LOW
synthetic-artisan-0174,20,4,8,5,6,1,HIGH,HIGH
synthetic-artisan-0175,8,1,30,4,2,0,HIGH,MEDIUM
synthetic-artisan-0176,23,9,12,8,8,0,HIGH,HIGH
synthetic-artisan-0177,13,6,13,8,9,0,HIGH,HIGH
synthetic-artisan-0178,9,0,0,0,1,0,LOW,LOW
synthetic-artisan-0179,8,2,15,2,0,0,MEDIUM,LOW
synthetic-artisan-0180,6,2,1,1,0,0,LOW,LOW
synthetic-artisan-0181,5,3,6,3,0,0,MEDIUM,LOW
synthetic-artisan-0182,32,8,7,2,7,0,HIGH,HIGH
synthetic-artisan-0183,9,1,2,0,1,0,LOW,LOW
synthetic-artisan-0184,43,21,37,23,21,2,HIGH,HIGH
synthetic-artisan-0185,42,18,22,9,22,3,HIGH,HIGH
synthetic-artisan-0186,15,2,29,5,4,0,HIGH,MEDIUM
synthetic-artisan-0187,2,2,1,0,0,0,LOW,LOW
synthetic-artisan-0188,24,3,20,4,4,0,HIGH,MEDIUM
synthetic-artisan-0189,24,2,10,3,1,0,MEDIUM,MEDIUM
synthetic-artisan-0190,65,9,34,23,20,1,HIGH,HIGH
synthetic-artisan-0191,5,1,0,0,1,0,LOW,LOW
synthetic-artisan-0192,27,2,10,4,6,0,HIGH,MEDIUM
synthetic-artisan-0193,18,0,16,5,4,0,HIGH,MEDIUM
synthetic-artisan-0194,7,1,1,1,1,0,LOW,LOW
synthetic-artisan-0195,34,7,13,1,6,0,HIGH,MEDIUM
synthetic-artisan-0196,22,6,7,3,6,0,HIGH,MEDIUM
synthetic-artisan-0197,13,5,28,5,5,0,HIGH,MEDIUM
synthetic-artisan-0198,22,7,16,3,9,0,HIGH,HIGH
synthetic-artisan-0199,10,7,7,3,4,0,MEDIUM,MEDIUM
synthetic-artisan-0200,2,0,0,1,1,0,LOW,LOW
synthetic-artisan-0201,77,27,20,26,25,0,HIGH,HIGH
synthetic-artisan-0202,77,27,22,30,28,0,HIGH,HIGH
synthetic-artisan-0203,43,22,30,31,30,3,HIGH,HIGH
synthetic-artisan-0204,19,9,16,4,6,0,HIGH,HIGH
synthetic-artisan-0205,19,8,11,7,6,1,HIGH,HIGH
synthetic-artisan-0206,5,5,21,2,4,1,HIGH,MEDIUM
synthetic-artisan-0207,34,4,7,8,9,0,HIGH,HIGH
synthetic-artisan-0208,3,1,2,0,1,0,LOW,LOW
synthetic-artisan-0209,8,1,1,1,0,0,LOW,LOW
synthetic-artisan-0210,5,0,2,0,0,0,LOW,LOW
synthetic-artisan-0211,7,2,1,1,1,0,LOW,LOW
synthetic-artisan-0212,4,2,12,1,4,1,MEDIUM,MEDIUM
synthetic-artisan-0213,4,0,2,0,0,0,LOW,LOW
synthetic-artisan-0214,10,2,3,0,0,0,LOW,LOW
synthetic-artisan-0215,59,27,13,27,26,2,HIGH,HIGH
synthetic-artisan-0216,10,7,6,7,7,0,HIGH,HIGH
synthetic-artisan-0217,21,3,11,1,7,1,HIGH,MEDIUM
synthetic-artisan-0218,21,6,14,1,6,1,HIGH,MEDIUM
synthetic-artisan-0219,10,2,0,1,1,0,LOW,LOW
synthetic-artisan-0220,20,4,16,8,8,0,HIGH,HIGH
synthetic-artisan-0221,7,0,2,0,0,0,LOW,LOW
synthetic-artisan-0222,30,18,31,23,20,5,HIGH,HIGH
synthetic-artisan-0223,10,0,2,1,0,0,LOW,LOW
synthetic-artisan-0224,5,1,3,1,1,0,LOW,LOW
synthetic-artisan-0225,19,5,21,2,4,0,HIGH,MEDIUM
synthetic-artisan-0226,33,21,23,24,24,1,HIGH,HIGH
synthetic-artisan-0227,19,6,10,7,5,0,HIGH,HIGH
synthetic-artisan-0228,33,7,12,7,7,0,HIGH,HIGH
synthetic-artisan-0229,10,1,2,0,0,0,LOW,LOW
synthetic-artisan-0230,9,2,3,0,0,0,LOW,LOW
synthetic-artisan-0231,10,1,2,1,0,0,LOW,LOW
synthetic-artisan-0232,51,19,40,31,29,2,HIGH,HIGH
synthetic-artisan-0233,30,6,6,2,1,1,HIGH,MEDIUM
synthetic-artisan-0234,27,3,7,5,8,0,HIGH,HIGH
synthetic-artisan-0235,59,14,19,11,33,0,HIGH,HIGH
synthetic-artisan-0236,18,0,27,2,2,0,HIGH,LOW
synthetic-artisan-0237,9,5,28,5,4,0,HIGH,MEDIUM
synthetic-artisan-0238,3,0,1,1,0,0,LOW,LOW
synthetic-artisan-0239,21,9,15,3,2,0,HIGH,MEDIUM
synthetic-artisan-0240,19,4,19,3,4,0,HIGH,MEDIUM
synthetic-artisan-0241,24,9,13,6,5,1,HIGH,HIGH
synthetic-artisan-0242,36,21,44,8,32,0,HIGH,HIGH
synthetic-artisan-0243,15,7,14,4,6,2,HIGH,HIGH
synthetic-artisan-0244,44,14,29,11,26,1,HIGH,HIGH
synthetic-artisan-0245,15,4,5,6,6,1,HIGH,HIGH
synthetic-artisan-0246,10,2,2,0,1,0,LOW,LOW
synthetic-artisan-0247,10,9,13,5,5,0,HIGH,HIGH
synthetic-artisan-0248,12,2,5,8,7,0,HIGH,MEDIUM
synthetic-artisan-0249,14,7,16,6,6,2,HIGH,HIGH
synthetic-artisan-0250,60,25,18,17,15,2,HIGH,HIGH
synthetic-artisan-0251,14,3,3,5,7,1,MEDIUM,HIGH
synthetic-artisan-0252,2,1,2,0,0,0,LOW,LOW
synthetic-artisan-0253,26,9,10,5,8,0,HIGH,HIGH
synthetic-artisan-0254,17,5,12,6,3,0,HIGH,MEDIUM
synthetic-artisan-0255,30,9,7,1,2,0,HIGH,MEDIUM
synthetic-artisan-0256,76,20,35,8,18,0,HIGH,HIGH
synthetic-artisan-0257,19,3,9,8,9,0,HIGH,HIGH
synthetic-artisan-0258,1,1,2,1,1,0,LOW,LOW
synthetic-artisan-0259,8,1,0,0,0,0,LOW,LOW
synthetic-artisan-0260,5,1,3,0,0,0,LOW,LOW
synthetic-artisan-0261,29,7,5,7,5,0,HIGH,HIGH
synthetic-artisan-0262,47,23,13,18,16,3,HIGH,HIGH
synthetic-artisan-0263,35,2,12,8,7,2,HIGH,HIGH
synthetic-artisan-0264,65,23,22,23,26,3,HIGH,HIGH
synthetic-artisan-0265,10,0,0,0,0,0,LOW,LOW
synthetic-artisan-0266,5,1,1,1,0,0,LOW,LOW
synthetic-artisan-0267,29,9,16,1,3,0,HIGH,MEDIUM
synthetic-artisan-0268,19,4,18,2,1,0,HIGH,MEDIUM
synthetic-artisan-0269,31,6,12,8,6,2,HIGH,HIGH
synthetic-artisan-0270,17,6,15,5,4,0,HIGH,MEDIUM
synthetic-artisan-0271,21,10,15,5,5,0,HIGH,HIGH
synthetic-artisan-0272,16,2,30,1,2,0,HIGH,LOW
synthetic-artisan-0273,24,6,14,8,6,0,HIGH,HIGH
synthetic-artisan-0274,12,1,9,4,4,0,MEDIUM,MEDIUM
synthetic-artisan-0275,61,15,26,8,9,2,HIGH,HIGH
synthetic-artisan-0276,2,0,1,1,1,0,LOW,LOW
synthetic-artisan-0277,34,6,8,5,5,1,HIGH,HIGH
synthetic-artisan-0278,17,10,14,1,3,0,HIGH,MEDIUM
synthetic-artisan-0279,5,3,21,1,2,0,MEDIUM,LOW
synthetic-artisan-0280,29,3,8,5,8,2,HIGH,HIGH
synthetic-artisan-0281,8,4,20,2,1,0,MEDIUM,LOW
synthetic-artisan-0282,7,2,2,0,0,0,LOW,LOW
synthetic-artisan-0283,78,17,24,12,25,4,HIGH,HIGH
synthetic-artisan-0284,60,18,17,19,27,0,HIGH,HIGH
synthetic-artisan-0285,17,2,7,7,5,0,HIGH,MEDIUM
synthetic-artisan-0286,13,4,29,4,2,0,HIGH,MEDIUM
synthetic-artisan-0287,31,11,41,16,14,2,HIGH,HIGH
synthetic-artisan-0288,68,17,35,26,25,1,HIGH,HIGH
synthetic-artisan-0289,24,7,9,8,9,1,HIGH,HIGH
synthetic-artisan-0290,71,27,17,23,21,2,HIGH,HIGH
synthetic-artisan-0291,9,0,0,0,0,0,LOW,LOW
synthetic-artisan-0292,8,1,0,0,1,0,LOW,LOW
synthetic-artisan-0293,8,1,0,1,0,0,LOW,LOW
synthetic-artisan-0294,11,10,10,5,5,0,HIGH,HIGH
synthetic-artisan-0295,65,10,14,20,20,3,HIGH,HIGH
synthetic-artisan-0296,6,3,7,2,3,0,MEDIUM,MEDIUM
synthetic-artisan-0297,74,28,38,18,34,2,HIGH,HIGH
synthetic-artisan-0298,31,10,5,6,3,0,HIGH,HIGH
synthetic-artisan-0299,33,5,16,1,1,2,HIGH,MEDIUM
synthetic-artisan-0300,62,21,36,14,13,2,HIGH,HIGH
synthetic-artisan-0301,1,0,3,0,0,0,LOW,LOW
synthetic-artisan-0302,1,2,0,1,0,0,LOW,LOW
synthetic-artisan-0303,53,22,26,24,24,3,HIGH,HIGH
synthetic-artisan-0304,4,0,2,1,0,0,LOW,LOW
synthetic-artisan-0305,20,1,19,2,2,0,HIGH,MEDIUM
synthetic-artisan-0306,23,10,10,1,6,2,HIGH,HIGH
synthetic-artisan-0307,48,21,38,11,15,1,HIGH,HIGH
synthetic-artisan-0308,3,1,1,1,0,0,LOW,LOW
synthetic-artisan-0309,21,4,10,3,1,0,MEDIUM,MEDIUM
synthetic-artisan-0310,24,7,4,4,4,0,HIGH,MEDIUM
synthetic-artisan-0311,10,4,29,5,4,0,HIGH,MEDIUM
synthetic-artisan-0312,14,2,6,1,1,1,MEDIUM,MEDIUM
synthetic-artisan-0313,76,23,27,29,26,3,HIGH,HIGH
synthetic-artisan-0314,21,2,30,2,3,0,HIGH,MEDIUM
synthetic-artisan-0315,21,10,10,8,5,1,HIGH,HIGH
synthetic-artisan-0316,48,14,35,17,19,0,HIGH,HIGH
synthetic-artisan-0317,29,16,38,16,15,1,HIGH,HIGH
synthetic-artisan-0318,17,9,11,6,5,1,HIGH,HIGH
synthetic-artisan-0319,24,5,21,3,1,0,HIGH,MEDIUM
synthetic-artisan-0320,8,1,1,0,0,0,LOW,LOW
synthetic-artisan-0321,32,9,12,20,19,4,HIGH,HIGH
synthetic-artisan-0322,2,0,1,1,1,0,LOW,LOW
synthetic-artisan-0323,31,9,13,8,5,0,HIGH,HIGH
synthetic-artisan-0324,8,2,2,1,0,0,LOW,LOW
synthetic-artisan-0325,39,11,18,23,21,1,HIGH,HIGH
synthetic-artisan-0326,45,20,17,18,36,2,HIGH,HIGH
synthetic-artisan-0327,11,2,27,0,0,0,HIGH,LOW
synthetic-artisan-0328,27,9,3,1,3,0,MEDIUM,MEDIUM
synthetic-artisan-0329,20,3,11,1,4,0,MEDIUM,MEDIUM
synthetic-artisan-0330,1,2,2,0,0,0,LOW,LOW
synthetic-artisan-0331,14,0,12,4,1,0,MEDIUM,LOW
synthetic-artisan-0332,13,1,24,1,4,0,HIGH,MEDIUM
synthetic-artisan-0333,62,18,36,31,31,0,HIGH,HIGH
synthetic-artisan-0334,21,2,4,7,5,1,HIGH,HIGH
synthetic-artisan-0335,29,8,15,6,3,0,HIGH,HIGH
synthetic-artisan-0336,21,10,9,7,4,0,HIGH,HIGH
synthetic-artisan-0337,9,1,1,0,0,0,LOW,LOW
synthetic-artisan-0338,6,2,1,1,1,0,LOW,LOW
synthetic-artisan-0339,0,1,3,1,1,0,LOW,LOW
synthetic-artisan-0340,2,1,3,1,1,0,LOW,LOW
synthetic-artisan-0341,8,0,2,1,0,0,LOW,LOW
synthetic-artisan-0342,34,3,14,4,9,0,HIGH,HIGH
synthetic-artisan-0343,4,1,2,1,1,0,LOW,LOW
synthetic-artisan-0344,4,1,2,1,0,0,LOW,LOW
synthetic-artisan-0345,3,2,3,0,1,0,LOW,LOW
synthetic-artisan-0346,4,0,3,1,1,0,LOW,LOW
synthetic-artisan-0347,23,4,7,6,5,0,HIGH,MEDIUM
synthetic-artisan-0348,14,2,29,5,4,1,HIGH,MEDIUM
synthetic-artisan-0349,18,8,8,2,4,0,HIGH,MEDIUM
synthetic-artisan-0350,63,8,41,29,27,2,HIGH,HIGH
synthetic-artisan-0351,32,21,43,11,26,1,HIGH,HIGH
synthetic-artisan-0352,32,8,15,7,4,0,HIGH,HIGH
synthetic-artisan-0353,27,10,16,7,9,0,HIGH,HIGH
synthetic-artisan-0354,79,25,17,10,30,1,HIGH,HIGH
synthetic-artisan-0355,9,0,3,1,1,0,LOW,LOW
synthetic-artisan-0356,4,0,1,1,1,0,LOW,LOW
synthetic-artisan-0357,31,10,5,6,4,0,HIGH,HIGH
synthetic-artisan-0358,12,3,16,3,6,0,HIGH,MEDIUM
synthetic-artisan-0359,61,23,34,22,19,2,HIGH,HIGH
synthetic-artisan-0360,19,2,15,2,2,1,HIGH,MEDIUM
synthetic-artisan-0361,38,15,45,12,23,0,HIGH,HIGH
synthetic-artisan-0362,11,3,26,1,1,0,HIGH,LOW
synthetic-artisan-0363,33,5,10,7,7,0,HIGH,HIGH
synthetic-artisan-0364,1,2,0,0,1,0,LOW,LOW
synthetic-artisan-0365,24,3,7,8,9,2,HIGH,HIGH
synthetic-artisan-0366,29,8,12,2,6,0,HIGH,HIGH
synthetic-artisan-0367,31,6,12,2,3,0,HIGH,MEDIUM
synthetic-artisan-0368,15,7,14,3,9,0,HIGH,HIGH
synthetic-artisan-0369,23,4,10,3,9,0,HIGH,HIGH
synthetic-artisan-0370,5,1,0,1,0,0,LOW,LOW
synthetic-artisan-0371,6,2,3,1,1,0,LOW,LOW
synthetic-artisan-0372,56,23,22,9,24,0,HIGH,HIGH
synthetic-artisan-0373,18,5,11,5,3,1,HIGH,MEDIUM
synthetic-artisan-0374,13,3,7,6,9,1,HIGH,HIGH
synthetic-artisan-0375,56,25,25,20,19,3,HIGH,HIGH
synthetic-artisan-0376,11,9,7,6,6,0,HIGH,HIGH
synthetic-artisan-0377,43,14,34,29,28,3,HIGH,HIGH
synthetic-artisan-0378,35,5,16,4,2,0,HIGH,MEDIUM
synthetic-artisan-0379,15,7,14,5,5,0,HIGH,MEDIUM
synthetic-artisan-0380,6,0,2,0,0,0,LOW,LOW
synthetic-artisan-0381,5,0,3,1,0,0,LOW,LOW
synthetic-artisan-0382,22,9,4,2,7,0,HIGH,HIGH
synthetic-artisan-0383,51,22,43,17,24,0,HIGH,HIGH
synthetic-artisan-0384,57,28,34,9,31,2,HIGH,HIGH
synthetic-artisan-0385,10,3,14,2,2,0,MEDIUM,MEDIUM
synthetic-artisan-0386,25,7,13,1,1,0,HIGH,MEDIUM
synthetic-artisan-0387,2,1,3,0,1,0,LOW,LOW
synthetic-artisan-0388,2,2,2,0,1,0,LOW,LOW
synthetic-artisan-0389,5,1,0,1,1,0,LOW,LOW
synthetic-artisan-0390,19,5,9,2,2,0,MEDIUM,MEDIUM
synthetic-artisan-0391,9,0,3,0,0,0,LOW,LOW
synthetic-artisan-0392,80,11,39,29,28,2,HIGH,HIGH
synthetic-artisan-0393,33,3,4,6,6,1,HIGH,HIGH
synthetic-artisan-0394,34,4,13,3,3,0,HIGH,MEDIUM
synthetic-artisan-0395,15,9,8,4,3,1,HIGH,HIGH
synthetic-artisan-0396,33,11,20,31,28,2,HIGH,HIGH
synthetic-artisan-0397,23,7,15,3,4,0,HIGH,MEDIUM
synthetic-artisan-0398,9,2,2,0,1,0,LOW,LOW
synthetic-artisan-0399,9,2,1,1,1,0,LOW,LOW
synthetic-artisan-0400,78,15,43,19,19,1,HIGH,HIGH
synthetic-artisan-0401,10,7,8,3,7,1,HIGH,HIGH
synthetic-artisan-0402,31,4,15,8,8,0,HIGH,HIGH
synthetic-artisan-0403,3,0,0,1,1,0,LOW,LOW
synthetic-artisan-0404,22,3,13,3,5,0,HIGH,MEDIUM
synthetic-artisan-0405,16,4,11,6,7,0,HIGH,HIGH
synthetic-artisan-0406,23,5,3,4,4,1,HIGH,MEDIUM
synthetic-artisan-0407,29,2,7,3,2,0,MEDIUM,MEDIUM
synthetic-artisan-0408,38,23,34,23,22,3,HIGH,HIGH
synthetic-artisan-0409,2,2,2,0,0,0,LOW,LOW
synthetic-artisan-0410,23,6,11,2,5,0,HIGH,MEDIUM
synthetic-artisan-0411,26,7,3,8,6,0,HIGH,HIGH
synthetic-artisan-0412,64,11,26,30,30,0,HIGH,HIGH
synthetic-artisan-0413,7,1,3,0,0,0,LOW,LOW
synthetic-artisan-0414,5,4,28,5,4,0,HIGH,MEDIUM
synthetic-artisan-0415,33,7,7,2,6,0,HIGH,HIGH
synthetic-artisan-0416,8,0,3,0,1,0,LOW,LOW
synthetic-artisan-0417,13,2,8,4,3,0,MEDIUM,MEDIUM
synthetic-artisan-0418,35,6,14,4,8,0,HIGH,HIGH
synthetic-artisan-0419,10,5,23,1,1,0,HIGH,MEDIUM
synthetic-artisan-0420,8,1,0,1,0,0,LOW,LOW
synthetic-artisan-0421,74,17,18,13,22,5,HIGH,HIGH
synthetic-artisan-0422,11,4,14,5,4,0,HIGH,MEDIUM
synthetic-artisan-0423,20,3,28,2,3,1,HIGH,MEDIUM
synthetic-artisan-0424,26,4,13,7,7,0,HIGH,HIGH
synthetic-artisan-0425,14,5,7,5,6,1,HIGH,HIGH
synthetic-artisan-0426,75,18,32,21,20,1,HIGH,HIGH
synthetic-artisan-0427,9,0,1,0,0,0,LOW,LOW
synthetic-artisan-0428,20,8,4,6,4,0,HIGH,HIGH
synthetic-artisan-0429,1,0,1,1,0,0,LOW,LOW
synthetic-artisan-0430,48,12,17,29,26,5,HIGH,HIGH
synthetic-artisan-0431,31,6,7,3,1,2,HIGH,HIGH
synthetic-artisan-0432,27,5,4,8,7,1,HIGH,HIGH
synthetic-artisan-0433,0,0,1,0,1,0,LOW,LOW
synthetic-artisan-0434,30,3,12,5,5,0,HIGH,MEDIUM
synthetic-artisan-0435,10,1,1,0,1,0,LOW,LOW
synthetic-artisan-0436,7,0,1,1,1,0,LOW,LOW
synthetic-artisan-0437,10,1,1,1,0,0,LOW,LOW
synthetic-artisan-0438,7,0,0,0,1,0,LOW,LOW
synthetic-artisan-0439,27,9,3,2,5,0,HIGH,HIGH
synthetic-artisan-0440,8,0,0,1,1,0,LOW,LOW
synthetic-artisan-0441,25,7,12,6,7,0,HIGH,HIGH
synthetic-artisan-0442,17,2,15,5,2,1,HIGH,MEDIUM
synthetic-artisan-0443,34,5,5,2,4,0,HIGH,MEDIUM
synthetic-artisan-0444,35,2,15,4,7,0,HIGH,MEDIUM
synthetic-artisan-0445,9,1,2,0,1,0,LOW,LOW
synthetic-artisan-0446,22,1,24,1,3,0,HIGH,MEDIUM
synthetic-artisan-0447,12,2,6,4,4,0,MEDIUM,MEDIUM
synthetic-artisan-0448,29,5,15,3,6,0,HIGH,MEDIUM
synthetic-artisan-0449,2,2,1,0,1,0,LOW,LOW
synthetic-artisan-0450,15,5,27,3,4,0,HIGH,MEDIUM
synthetic-artisan-0451,15,8,15,8,6,0,HIGH,HIGH
synthetic-artisan-0452,9,0,3,1,1,0,LOW,LOW
synthetic-artisan-0453,0,2,3,0,0,0,LOW,LOW
synthetic-artisan-0454,35,5,13,2,8,0,HIGH,HIGH
synthetic-artisan-0455,5,0,0,1,1,0,LOW,LOW
synthetic-artisan-0456,3,2,0,1,1,0,LOW,LOW
synthetic-artisan-0457,31,20,40,30,27,5,HIGH,HIGH
synthetic-artisan-0458,22,7,11,7,6,1,HIGH,HIGH
synthetic-artisan-0459,1,0,2,0,1,0,LOW,LOW
synthetic-artisan-0460,1,0,2,0,1,0,LOW,LOW
synthetic-artisan-0461,1,2,0,1,1,0,LOW,LOW
synthetic-artisan-0462,30,4,12,7,5,0,HIGH,HIGH
synthetic-artisan-0463,3,1,2,1,1,0,LOW,LOW
synthetic-artisan-0464,6,2,3,0,0,0,LOW,LOW
synthetic-artisan-0465,23,3,7,8,7,0,HIGH,HIGH
synthetic-artisan-0466,4,0,3,0,1,0,LOW,LOW
synthetic-artisan-0467,58,23,28,9,26,2,HIGH,HIGH
synthetic-artisan-0468,22,7,5,8,5,0,HIGH,HIGH
synthetic-artisan-0469,4,2,0,0,0,0,LOW,LOW
synthetic-artisan-0470,5,2,3,0,0,0,LOW,LOW
synthetic-artisan-0471,80,24,38,24,27,4,HIGH,HIGH
synthetic-artisan-0472,17,9,7,2,7,1,HIGH,HIGH
synthetic-artisan-0473,26,4,4,8,7,2,HIGH,HIGH
synthetic-artisan-0474,10,1,7,3,0,1,MEDIUM,MEDIUM
synthetic-artisan-0475,10,0,2,1,1,0,LOW,LOW
synthetic-artisan-0476,22,10,8,5,9,0,HIGH,HIGH
synthetic-artisan-0477,67,26,45,32,31,0,HIGH,HIGH
synthetic-artisan-0478,9,2,0,0,0,0,LOW,LOW
synthetic-artisan-0479,62,19,38,15,18,3,HIGH,HIGH
synthetic-artisan-0480,4,1,1,1,0,0,LOW,LOW
synthetic-artisan-0481,14,5,13,0,3,1,MEDIUM,MEDIUM
synthetic-artisan-0482,4,2,15,2,2,0,MEDIUM,LOW
synthetic-artisan-0483,11,1,15,5,3,0,MEDIUM,MEDIUM
synthetic-artisan-0484,6,2,0,0,1,0,LOW,LOW
synthetic-artisan-0485,6,2,3,1,0,0,LOW,LOW
synthetic-artisan-0486,8,1,1,0,0,0,LOW,LOW
synthetic-artisan-0487,3,0,1,0,1,0,LOW,LOW
synthetic-artisan-0488,5,2,1,1,1,0,LOW,LOW
synthetic-artisan-0489,30,3,13,1,4,0,HIGH,MEDIUM
synthetic-artisan-0490,7,2,2,1,0,0,LOW,LOW
synthetic-artisan-0491,72,10,30,7,18,0,HIGH,HIGH
synthetic-artisan-0492,69,15,25,15,26,2,HIGH,HIGH
synthetic-artisan-0493,4,3,10,5,5,0,MEDIUM,MEDIUM
synthetic-artisan-0494,9,1,2,1,1,0,LOW,LOW
synthetic-artisan-0495,16,9,7,7,5,0,HIGH,HIGH
synthetic-artisan-0496,29,6,7,2,8,0,HIGH,HIGH
synthetic-artisan-0497,18,6,13,5,4,0,HIGH,MEDIUM
synthetic-artisan-0498,23,3,27,2,1,0,HIGH,MEDIUM
synthetic-artisan-0499,12,3,18,3,2,0,HIGH,MEDIUM
synthetic-artisan-0500,32,5,13,8,7,0,HIGH,HIGH
synthetic-artisan-0501,63,13,30,10,21,0,HIGH,HIGH
synthetic-artisan-0502,63,13,33,27,26,1,HIGH,HIGH
synthetic-artisan-0503,47,21,33,18,15,2,HIGH,HIGH
synthetic-artisan-0504,58,9,16,22,34,1,HIGH,HIGH
synthetic-artisan-0505,16,4,15,3,2,0,HIGH,MEDIUM
synthetic-artisan-0506,3,1,3,1,0,0,LOW,LOW
synthetic-artisan-0507,9,0,21,2,2,0,MEDIUM,LOW
synthetic-artisan-0508,4,0,1,0,1,0,LOW,LOW
synthetic-artisan-0509,77,10,20,26,23,3,HIGH,HIGH
synthetic-artisan-0510,25,8,3,1,9,0,HIGH,HIGH
synthetic-artisan-0511,14,4,12,0,0,0,MEDIUM,LOW
synthetic-artisan-0512,5,1,1,0,1,0,LOW,LOW
synthetic-artisan-0513,19,4,4,1,5,2,MEDIUM,MEDIUM
synthetic-artisan-0514,66,24,33,20,34,3,HIGH,HIGH
synthetic-artisan-0515,25,7,15,4,3,2,HIGH,HIGH
synthetic-artisan-0516,3,2,1,0,0,0,LOW,LOW
synthetic-artisan-0517,15,3,8,1,7,1,MEDIUM,MEDIUM
synthetic-artisan-0518,67,9,15,28,28,3,HIGH,HIGH
synthetic-artisan-0519,1,1,3,1,0,0,LOW,LOW
synthetic-artisan-0520,14,5,14,1,5,0,HIGH,MEDIUM
synthetic-artisan-0521,45,27,20,20,32,4,HIGH,HIGH
synthetic-artisan-0522,35,3,10,4,4,1,HIGH,HIGH
synthetic-artisan-0523,23,6,5,1,9,0,HIGH,HIGH
synthetic-artisan-0524,58,18,27,7,7,3,HIGH,HIGH
synthetic-artisan-0525,70,23,21,9,30,2,HIGH,HIGH
synthetic-artisan-0526,24,1,20,2,2,0,HIGH,MEDIUM
synthetic-artisan-0527,30,17,35,32,32,1,HIGH,HIGH
synthetic-artisan-0528,0,0,1,0,1,0,LOW,LOW
synthetic-artisan-0529,24,6,14,2,6,1,HIGH,HIGH
synthetic-artisan-0530,6,1,2,1,1,0,LOW,LOW
synthetic-artisan-0531,35,4,4,3,2,2,HIGH,HIGH
synthetic-artisan-0532,9,1,3,0,1,0,LOW,LOW
synthetic-artisan-0533,67,8,20,22,35,2,HIGH,HIGH
synthetic-artisan-0534,12,6,13,6,5,0,HIGH,MEDIUM
synthetic-artisan-0535,14,4,22,5,4,0,HIGH,MEDIUM
synthetic-artisan-0536,31,8,5,1,1,0,MEDIUM,MEDIUM
synthetic-artisan-0537,25,9,16,3,2,1,HIGH,HIGH
synthetic-artisan-0538,4,0,1,1,1,0,LOW,LOW
synthetic-artisan-0539,7,2,3,0,1,0,LOW,LOW
synthetic-artisan-0540,13,9,14,1,2,0,HIGH,MEDIUM
synthetic-artisan-0541,10,3,15,5,9,0,HIGH,MEDIUM
synthetic-artisan-0542,15,0,13,3,2,0,MEDIUM,LOW
synthetic-artisan-0543,51,22,19,10,30,3,HIGH,HIGH
synthetic-artisan-0544,30,6,11,6,5,0,HIGH,HIGH
synthetic-artisan-0545,32,8,4,5,4,0,HIGH,HIGH
synthetic-artisan-0546,3,2,2,0,1,0,LOW,LOW
synthetic-artisan-0547,10,2,0,1,1,0,LOW,LOW
synthetic-artisan-0548,4,4,29,0,4,1,HIGH,MEDIUM
synthetic-artisan-0549,58,24,23,29,28,0,HIGH,HIGH
synthetic-artisan-0550,10,2,2,1,1,0,LOW,LOW
synthetic-artisan-0551,5,1,3,0,0,0,LOW,LOW
synthetic-artisan-0552,32,10,7,6,9,0,HIGH,HIGH
synthetic-artisan-0553,4,2,2,0,0,0,LOW,LOW
synthetic-artisan-0554,32,7,14,2,6,0,HIGH,HIGH
synthetic-artisan-0555,62,17,39,32,32,2,HIGH,HIGH
synthetic-artisan-0556,11,2,6,5,3,2,MEDIUM,MEDIUM
synthetic-artisan-0557,0,2,2,0,0,0,LOW,LOW
synthetic-artisan-0558,24,3,12,4,9,0,HIGH,HIGH
synthetic-artisan-0559,31,20,36,20,36,3,HIGH,HIGH
synthetic-artisan-0560,5,0,29,2,1,0,HIGH,LOW
synthetic-artisan-0561,68,28,35,31,30,2,HIGH,HIGH
synthetic-artisan-0562,40,17,40,12,27,0,HIGH,HIGH
synthetic-artisan-0563,35,20,14,20,19,2,HIGH,HIGH
synthetic-artisan-0564,4,0,2,1,1,0,LOW,LOW
synthetic-artisan-0565,5,2,0,1,1,0,LOW,LOW
synthetic-artisan-0566,5,2,1,0,0,0,LOW,LOW
synthetic-artisan-0567,38,21,37,9,17,1,HIGH,HIGH
synthetic-artisan-0568,49,19,30,13,36,3,HIGH,HIGH
synthetic-artisan-0569,24,0,9,5,4,0,MEDIUM,MEDIUM
synthetic-artisan-0570,14,3,9,3,2,0,MEDIUM,MEDIUM
synthetic-artisan-0571,8,1,3,1,0,0,LOW,LOW
synthetic-artisan-0572,10,2,22,0,0,0,MEDIUM,LOW
synthetic-artisan-0573,21,4,6,5,4,0,HIGH,MEDIUM
synthetic-artisan-0574,17,0,12,4,4,0,MEDIUM,MEDIUM
synthetic-artisan-0575,37,8,41,29,29,0,HIGH,HIGH
synthetic-artisan-0576,4,2,0,0,1,0,LOW,LOW
synthetic-artisan-0577,24,8,9,6,6,0,HIGH,HIGH
synthetic-artisan-0578,30,3,15,1,2,0,HIGH,MEDIUM
synthetic-artisan-0579,31,6,12,2,5,1,HIGH,HIGH
synthetic-artisan-0580,31,2,10,3,9,0,HIGH,HIGH
synthetic-artisan-0581,62,17,21,16,27,4,HIGH,HIGH
synthetic-artisan-0582,4,4,23,1,0,0,MEDIUM,LOW
synthetic-artisan-0583,12,6,6,6,5,0,HIGH,MEDIUM
synthetic-artisan-0584,3,2,2,0,0,0,LOW,LOW
synthetic-artisan-0585,9,0,3,0,1,0,LOW,LOW
synthetic-artisan-0586,44,11,24,30,28,2,HIGH,HIGH
synthetic-artisan-0587,31,5,4,5,3,1,HIGH,HIGH
synthetic-artisan-0588,20,6,14,3,6,1,HIGH,HIGH
synthetic-artisan-0589,5,0,1,1,1,0,LOW,LOW
synthetic-artisan-0590,5,1,3,1,1,0,LOW,LOW
synthetic-artisan-0591,13,4,13,2,5,1,HIGH,MEDIUM
synthetic-artisan-0592,10,2,29,5,5,0,HIGH,MEDIUM
synthetic-artisan-0593,68,8,37,31,31,1,HIGH,HIGH
synthetic-artisan-0594,27,10,10,3,6,0,HIGH,HIGH
synthetic-artisan-0595,8,2,0,1,1,0,LOW,LOW
synthetic-artisan-0596,79,27,22,31,30,0,HIGH,HIGH
synthetic-artisan-0597,9,2,1,1,1,0,LOW,LOW
synthetic-artisan-0598,7,0,0,1,1,0,LOW,LOW
synthetic-artisan-0599,3,2,2,1,1,0,LOW,LOW
synthetic-artisan-0600,5,5,16,0,4,0,MEDIUM,MEDIUM
synthetic-artisan-0601,4,2,1,1,1,0,LOW,LOW
synthetic-artisan-0602,12,10,7,7,5,0,HIGH,HIGH
synthetic-artisan-0603,50,23,42,26,25,2,HIGH,HIGH
synthetic-artisan-0604,17,3,11,5,4,0,HIGH,MEDIUM
synthetic-artisan-0605,32,3,13,4,7,1,HIGH,HIGH
synthetic-artisan-0606,25,9,6,3,7,0,HIGH,HIGH
synthetic-artisan-0607,9,0,1,0,0,0,LOW,LOW
synthetic-artisan-0608,4,0,3,0,1,0,LOW,LOW
synthetic-artisan-0609,10,3,25,3,3,0,HIGH,MEDIUM
synthetic-artisan-0610,35,4,12,5,3,1,HIGH,HIGH
synthetic-artisan-0611,23,4,8,1,3,0,MEDIUM,MEDIUM
synthetic-artisan-0612,8,2,3,0,0,0,LOW,LOW
synthetic-artisan-0613,9,2,0,0,0,0,LOW,LOW
synthetic-artisan-0614,14,10,16,1,7,0,HIGH,MEDIUM
synthetic-artisan-0615,20,3,13,3,3,0,HIGH,MEDIUM
synthetic-artisan-0616,18,9,15,4,2,0,HIGH,MEDIUM
synthetic-artisan-0617,0,2,0,0,0,0,LOW,LOW
synthetic-artisan-0618,16,7,9,6,4,0,HIGH,MEDIUM
synthetic-artisan-0619,8,1,2,1,1,0,LOW,LOW
synthetic-artisan-0620,35,10,10,3,6,0,HIGH,HIGH
synthetic-artisan-0621,4,2,2,1,1,0,LOW,LOW
synthetic-artisan-0622,56,13,18,13,22,2,HIGH,HIGH
synthetic-artisan-0623,67,9,22,19,36,3,HIGH,HIGH
synthetic-artisan-0624,58,27,39,9,8,1,HIGH,HIGH
synthetic-artisan-0625,0,2,3,1,1,0,LOW,LOW
synthetic-artisan-0626,9,5,21,3,1,0,HIGH,MEDIUM
synthetic-artisan-0627,9,2,1,0,0,0,LOW,LOW
synthetic-artisan-0628,30,2,5,2,5,1,MEDIUM,MEDIUM
synthetic-artisan-0629,53,26,24,23,23,3,HIGH,HIGH
synthetic-artisan-0630,21,2,29,4,4,0,HIGH,MEDIUM
synthetic-artisan-0631,3,1,3,0,1,0,LOW,LOW
synthetic-artisan-0632,8,0,0,1,1,0,LOW,LOW
synthetic-artisan-0633,44,25,28,29,26,5,HIGH,HIGH
synthetic-artisan-0634,76,18,41,28,28,4,HIGH,HIGH
synthetic-artisan-0635,18,3,9,4,4,1,HIGH,MEDIUM
synthetic-artisan-0636,20,4,6,5,5,0,HIGH,MEDIUM
synthetic-artisan-0637,33,7,4,3,8,0,HIGH,HIGH
synthetic-artisan-0638,12,1,29,5,4,0,HIGH,MEDIUM
synthetic-artisan-0639,3,1,1,0,0,0,LOW,LOW
synthetic-artisan-0640,67,19,21,31,31,0,HIGH,HIGH
synthetic-artisan-0641,70,23,12,31,33,2,HIGH,HIGH
synthetic-artisan-0642,51,27,32,22,34,5,HIGH,HIGH
synthetic-artisan-0643,34,10,7,7,6,1,HIGH,HIGH
synthetic-artisan-0644,6,1,0,1,1,0,LOW,LOW
synthetic-artisan-0645,13,10,10,6,5,0,HIGH,HIGH
synthetic-artisan-0646,13,7,8,5,4,0,HIGH,MEDIUM
synthetic-artisan-0647,9,1,2,0,1,0,LOW,LOW
synthetic-artisan-0648,23,7,8,7,6,0,HIGH,HIGH
synthetic-artisan-0649,11,0,29,2,1,0,HIGH,LOW
synthetic-artisan-0650,2,1,0,0,1,0,LOW,LOW
synthetic-artisan-0651,30,10,11,6,8,0,HIGH,HIGH
synthetic-artisan-0652,32,4,3,4,5,0,HIGH,MEDIUM
synthetic-artisan-0653,20,6,8,6,9,0,HIGH,HIGH
synthetic-artisan-0654,23,3,8,4,9,0,HIGH,HIGH
synthetic-artisan-0655,31,10,10,8,6,0,HIGH,HIGH
synthetic-artisan-0656,14,4,13,6,7,0,HIGH,MEDIUM
synthetic-artisan-0657,32,10,22,17,15,1,HIGH,HIGH
synthetic-artisan-0658,66,28,37,15,34,2,HIGH,HIGH
synthetic-artisan-0659,61,22,38,12,11,4,HIGH,HIGH
synthetic-artisan-0660,70,16,17,13,13,2,HIGH,HIGH
synthetic-artisan-0661,7,2,0,0,1,0,LOW,LOW
synthetic-artisan-0662,12,3,7,3,2,0,MEDIUM,MEDIUM
synthetic-artisan-0663,17,6,10,3,3,0,HIGH,MEDIUM
synthetic-artisan-0664,10,1,2,1,1,0,LOW,LOW
synthetic-artisan-0665,14,10,5,8,7,0,HIGH,HIGH
synthetic-artisan-0666,19,4,13,0,3,0,MEDIUM,MEDIUM
synthetic-artisan-0667,14,6,3,1,9,1,MEDIUM,HIGH
synthetic-artisan-0668,25,10,3,8,8,0,HIGH,HIGH
synthetic-artisan-0669,66,15,12,24,21,1,HIGH,HIGH
synthetic-artisan-0670,15,8,16,7,4,0,HIGH,HIGH
synthetic-artisan-0671,26,6,7,5,7,0,HIGH,HIGH
synthetic-artisan-0672,4,0,3,1,1,0,LOW,LOW
synthetic-artisan-0673,0,0,0,0,0,0,LOW,LOW
synthetic-artisan-0674,13,2,10,5,4,0,MEDIUM,MEDIUM
synthetic-artisan-0675,0,1,1,1,1,0,LOW,LOW
synthetic-artisan-0676,59,19,41,29,31,0,HIGH,HIGH
synthetic-artisan-0677,37,9,29,31,28,0,HIGH,HIGH
synthetic-artisan-0678,4,1,0,0,0,0,LOW,LOW
synthetic-artisan-0679,24,5,14,1,4,0,HIGH,MEDIUM
synthetic-artisan-0680,16,9,9,5,6,0,HIGH,HIGH
synthetic-artisan-0681,63,24,19,15,21,3,HIGH,HIGH
synthetic-artisan-0682,11,5,4,4,7,0,MEDIUM,MEDIUM
synthetic-artisan-0683,65,11,37,32,32,0,HIGH,HIGH
synthetic-artisan-0684,32,9,14,3,6,1,HIGH,HIGH
synthetic-artisan-0685,1,2,2,0,0,0,LOW,LOW
synthetic-artisan-0686,14,10,15,2,3,0,HIGH,MEDIUM
synthetic-artisan-0687,24,2,20,5,2,0,HIGH,MEDIUM
synthetic-artisan-0688,14,6,3,8,8,0,HIGH,HIGH
synthetic-artisan-0689,2,2,2,1,1,0,LOW,LOW
synthetic-artisan-0690,23,4,11,0,4,0,MEDIUM,MEDIUM
synthetic-artisan-0691,18,10,8,8,5,1,HIGH,HIGH
synthetic-artisan-0692,29,27,35,31,31,1,HIGH,HIGH
synthetic-artisan-0693,27,8,6,8,9,0,HIGH,HIGH
synthetic-artisan-0694,30,7,4,2,9,0,HIGH,HIGH
synthetic-artisan-0695,36,13,14,13,13,2,HIGH,HIGH
synthetic-artisan-0696,10,1,3,1,0,0,LOW,LOW
synthetic-artisan-0697,1,0,1,1,0,0,LOW,LOW
synthetic-artisan-0698,31,19,38,18,31,3,HIGH,HIGH
synthetic-artisan-0699,33,3,16,5,5,2,HIGH,HIGH
synthetic-artisan-0700,3,2,3,0,0,0,LOW,LOW
synthetic-artisan-0701,17,4,11,7,5,1,HIGH,HIGH
synthetic-artisan-0702,72,21,18,12,31,1,HIGH,HIGH
synthetic-artisan-0703,31,4,11,8,6,1,HIGH,HIGH
synthetic-artisan-0704,54,28,39,30,29,2,HIGH,HIGH
synthetic-artisan-0705,27,6,8,8,8,2,HIGH,HIGH
synthetic-artisan-0706,46,27,13,23,21,5,HIGH,HIGH
synthetic-artisan-0707,3,0,2,0,1,0,LOW,LOW
synthetic-artisan-0708,20,4,24,4,1,0,HIGH,MEDIUM
synthetic-artisan-0709,14,6,8,4,4,0,HIGH,MEDIUM
synthetic-artisan-0710,6,2,1,0,1,0,LOW,LOW
synthetic-artisan-0711,39,23,18,26,26,1,HIGH,HIGH
synthetic-artisan-0712,0,1,2,1,1,0,LOW,LOW
synthetic-artisan-0713,11,5,26,4,1,0,HIGH,MEDIUM
synthetic-artisan-0714,8,0,2,0,1,0,LOW,LOW
synthetic-artisan-0715,17,4,3,7,8,1,HIGH,HIGH
synthetic-artisan-0716,4,1,1,0,1,0,LOW,LOW
synthetic-artisan-0717,9,2,0,1,1,0,LOW,LOW
synthetic-artisan-0718,23,4,15,3,8,0,HIGH,MEDIUM
synthetic-artisan-0719,28,5,11,4,4,0,HIGH,MEDIUM
synthetic-artisan-0720,28,3,4,7,7,0,HIGH,HIGH
synthetic-artisan-0721,29,2,15,5,3,2,HIGH,HIGH
synthetic-artisan-0722,24,2,16,4,4,0,HIGH,MEDIUM
synthetic-artisan-0723,33,11,15,14,36,3,HIGH,HIGH
synthetic-artisan-0724,13,0,16,5,2,0,MEDIUM,MEDIUM
synthetic-artisan-0725,3,2,1,0,1,0,LOW,LOW
synthetic-artisan-0726,29,4,14,1,7,0,HIGH,MEDIUM
synthetic-artisan-0727,0,1,1,1,0,0,LOW,LOW
synthetic-artisan-0728,10,3,9,5,6,1,HIGH,MEDIUM
synthetic-artisan-0729,30,8,6,7,9,2,HIGH,HIGH
synthetic-artisan-0730,19,4,23,0,1,0,HIGH,LOW
synthetic-artisan-0731,21,5,6,0,1,1,MEDIUM,MEDIUM
synthetic-artisan-0732,25,8,14,3,1,0,HIGH,MEDIUM
synthetic-artisan-0733,19,5,11,5,2,0,HIGH,MEDIUM
synthetic-artisan-0734,4,4,14,1,1,0,MEDIUM,LOW
synthetic-artisan-0735,12,8,11,4,7,0,HIGH,HIGH
synthetic-artisan-0736,19,7,10,3,4,0,HIGH,MEDIUM
synthetic-artisan-0737,13,5,28,4,3,0,HIGH,MEDIUM
synthetic-artisan-0738,28,4,8,2,9,0,HIGH,HIGH
synthetic-artisan-0739,2,2,0,1,1,0,LOW,LOW
synthetic-artisan-0740,33,6,5,4,4,0,HIGH,MEDIUM
synthetic-artisan-0741,67,27,29,26,25,2,HIGH,HIGH
synthetic-artisan-0742,0,1,0,1,0,0,LOW,LOW
synthetic-artisan-0743,51,13,36,22,21,0,HIGH,HIGH
synthetic-artisan-0744,6,0,2,1,0,0,LOW,LOW
synthetic-artisan-0745,32,13,40,26,23,3,HIGH,HIGH
synthetic-artisan-0746,17,3,30,0,4,0,HIGH,MEDIUM
synthetic-artisan-0747,20,8,12,1,9,0,HIGH,HIGH
synthetic-artisan-0748,30,15,45,24,24,5,HIGH,HIGH
synthetic-artisan-0749,26,2,6,5,8,0,HIGH,HIGH
synthetic-artisan-0750,46,22,22,20,20,2,HIGH,HIGH
synthetic-artisan-0751,37,22,40,9,29,2,HIGH,HIGH
synthetic-artisan-0752,72,25,20,19,19,1,HIGH,HIGH
synthetic-artisan-0753,9,2,1,1,0,0,LOW,LOW
synthetic-artisan-0754,30,4,14,2,2,0,HIGH,MEDIUM
synthetic-artisan-0755,12,10,14,7,9,0,HIGH,HIGH
synthetic-artisan-0756,22,2,15,3,6,0,HIGH,MEDIUM
synthetic-artisan-0757,2,0,0,1,1,0,LOW,LOW
synthetic-artisan-0758,56,17,23,10,34,0,HIGH,HIGH
synthetic-artisan-0759,4,0,3,1,1,0,LOW,LOW
synthetic-artisan-0760,25,5,6,8,8,0,HIGH,HIGH
synthetic-artisan-0761,10,5,11,5,9,1,HIGH,HIGH
synthetic-artisan-0762,2,0,2,0,0,0,LOW,LOW
synthetic-artisan-0763,70,26,31,17,35,0,HIGH,HIGH
synthetic-artisan-0764,15,4,13,5,9,0,HIGH,HIGH
synthetic-artisan-0765,51,9,17,31,28,1,HIGH,HIGH
synthetic-artisan-0766,76,21,16,16,21,0,HIGH,HIGH
synthetic-artisan-0767,23,10,6,4,4,0,HIGH,HIGH
synthetic-artisan-0768,32,6,9,6,5,0,HIGH,HIGH
synthetic-artisan-0769,23,4,21,4,3,0,HIGH,MEDIUM
synthetic-artisan-0770,11,5,15,1,0,0,MEDIUM,LOW
synthetic-artisan-0771,13,5,15,7,7,0,HIGH,HIGH
synthetic-artisan-0772,30,5,3,4,5,0,HIGH,MEDIUM
synthetic-artisan-0773,26,10,8,1,2,0,HIGH,MEDIUM
synthetic-artisan-0774,28,2,16,3,4,0,HIGH,MEDIUM
synthetic-artisan-0775,19,3,7,5,2,0,MEDIUM,MEDIUM
synthetic-artisan-0776,21,2,20,3,1,0,HIGH,MEDIUM
synthetic-artisan-0777,31,7,11,1,4,0,HIGH,MEDIUM
synthetic-artisan-0778,78,19,16,11,14,4,HIGH,HIGH
synthetic-artisan-0779,24,4,11,4,4,0,HIGH,MEDIUM
synthetic-artisan-0780,13,5,16,5,5,0,HIGH,MEDIUM
synthetic-artisan-0781,17,7,10,5,4,0,HIGH,MEDIUM
synthetic-artisan-0782,0,0,0,1,0,0,LOW,LOW
synthetic-artisan-0783,8,1,16,3,4,0,MEDIUM,MEDIUM
synthetic-artisan-0784,1,2,1,0,0,0,LOW,LOW
synthetic-artisan-0785,32,10,4,1,5,1,HIGH,HIGH
synthetic-artisan-0786,11,3,11,5,3,0,MEDIUM,MEDIUM
synthetic-artisan-0787,16,7,6,4,5,0,HIGH,MEDIUM
synthetic-artisan-0788,70,11,29,11,11,1,HIGH,HIGH
synthetic-artisan-0789,21,4,9,1,4,0,MEDIUM,MEDIUM
synthetic-artisan-0790,4,2,1,0,0,0,LOW,LOW
synthetic-artisan-0791,20,10,10,1,3,0,HIGH,MEDIUM
synthetic-artisan-0792,0,0,3,1,0,0,LOW,LOW
synthetic-artisan-0793,19,7,16,4,9,0,HIGH,HIGH
synthetic-artisan-0794,12,9,4,8,5,0,HIGH,HIGH
synthetic-artisan-0795,17,4,16,5,6,0,HIGH,MEDIUM
synthetic-artisan-0796,48,22,43,7,8,2,HIGH,HIGH
synthetic-artisan-0797,15,6,15,6,3,0,HIGH,MEDIUM
synthetic-artisan-0798,78,11,32,24,26,0,HIGH,HIGH
synthetic-artisan-0799,22,8,6,4,9,0,HIGH,HIGH
synthetic-artisan-0800,20,5,16,7,7,0,HIGH,HIGH
synthetic-artisan-0801,17,4,13,2,8,0,HIGH,MEDIUM
synthetic-artisan-0802,13,9,5,5,7,0,HIGH,HIGH
synthetic-artisan-0803,66,20,32,22,26,3,HIGH,HIGH
synthetic-artisan-0804,2,2,0,0,0,0,LOW,LOW
synthetic-artisan-0805,19,8,12,8,6,0,HIGH,HIGH
synthetic-artisan-0806,35,6,9,6,3,0,HIGH,HIGH
synthetic-artisan-0807,46,9,35,24,36,0,HIGH,HIGH
synthetic-artisan-0808,4,0,1,1,1,0,LOW,LOW
synthetic-artisan-0809,53,20,39,24,21,3,HIGH,HIGH
synthetic-artisan-0810,8,1,2,1,0,0,LOW,LOW
synthetic-artisan-0811,8,1,6,0,0,0,LOW,LOW
synthetic-artisan-0812,17,1,8,1,3,0,MEDIUM,LOW
synthetic-artisan-0813,24,10,9,8,7,0,HIGH,HIGH
synthetic-artisan-0814,10,9,16,4,9,0,HIGH,HIGH
synthetic-artisan-0815,0,2,3,1,0,0,LOW,LOW
synthetic-artisan-0816,6,1,29,5,4,1,HIGH,MEDIUM
synthetic-artisan-0817,12,10,12,2,4,0,HIGH,MEDIUM
synthetic-artisan-0818,62,26,31,26,26,4,HIGH,HIGH
synthetic-artisan-0819,26,9,12,6,7,0,HIGH,HIGH
synthetic-artisan-0820,11,6,14,5,4,0,HIGH,MEDIUM
synthetic-artisan-0821,31,6,15,1,5,0,HIGH,MEDIUM
synthetic-artisan-0822,35,6,7,3,5,0,HIGH,HIGH
synthetic-artisan-0823,1,2,1,0,1,0,LOW,LOW
synthetic-artisan-0824,15,6,15,4,8,0,HIGH,HIGH
synthetic-artisan-0825,12,4,12,3,8,1,HIGH,MEDIUM
synthetic-artisan-0826,43,22,22,13,24,3,HIGH,HIGH
synthetic-artisan-0827,4,0,0,0,1,0,LOW,LOW
synthetic-artisan-0828,19,9,14,4,7,0,HIGH,HIGH
synthetic-artisan-0829,14,10,16,7,4,0,HIGH,HIGH
synthetic-artisan-0830,20,10,13,1,2,1,HIGH,MEDIUM
synthetic-artisan-0831,17,4,26,2,2,0,HIGH,MEDIUM
synthetic-artisan-0832,9,1,3,0,0,0,LOW,LOW
synthetic-artisan-0833,31,4,8,1,1,1,MEDIUM,MEDIUM
synthetic-artisan-0834,26,3,13,8,6,0,HIGH,HIGH
synthetic-artisan-0835,0,0,0,0,0,0,LOW,LOW
synthetic-artisan-0836,24,0,28,0,0,0,HIGH,LOW
synthetic-artisan-0837,10,2,1,0,0,0,LOW,LOW
synthetic-artisan-0838,7,2,0,1,1,0,LOW,LOW
synthetic-artisan-0839,70,18,28,12,30,0,HIGH,HIGH
synthetic-artisan-0840,20,2,7,5,3,0,MEDIUM,MEDIUM
synthetic-artisan-0841,10,4,18,1,3,0,MEDIUM,MEDIUM
synthetic-artisan-0842,10,0,3,1,1,0,LOW,LOW
synthetic-artisan-0843,9,2,2,1,0,0,LOW,LOW
synthetic-artisan-0844,10,0,0,1,1,0,LOW,LOW
synthetic-artisan-0845,53,26,12,23,28,4,HIGH,HIGH
synthetic-artisan-0846,22,3,11,4,1,0,MEDIUM,MEDIUM
synthetic-artisan-0847,8,1,2,1,1,0,LOW,LOW
synthetic-artisan-0848,30,3,8,6,4,1,HIGH,HIGH
synthetic-artisan-0849,15,10,3,7,4,0,HIGH,HIGH
synthetic-artisan-0850,24,5,17,3,0,0,HIGH,MEDIUM
synthetic-artisan-0851,36,9,24,7,29,5,HIGH,HIGH
synthetic-artisan-0852,12,10,13,5,8,0,HIGH,HIGH
synthetic-artisan-0853,4,0,16,0,2,0,MEDIUM,LOW
synthetic-artisan-0854,1,0,3,0,0,0,LOW,LOW
synthetic-artisan-0855,5,5,10,3,3,0,MEDIUM,MEDIUM
synthetic-artisan-0856,10,0,0,0,0,0,LOW,LOW
synthetic-artisan-0857,7,3,25,1,4,0,HIGH,MEDIUM
synthetic-artisan-0858,9,2,1,0,0,0,LOW,LOW
synthetic-artisan-0859,35,8,8,2,9,0,HIGH,HIGH
synthetic-artisan-0860,65,13,33,9,9,1,HIGH,HIGH
synthetic-artisan-0861,5,2,1,1,1,0,LOW,LOW
synthetic-artisan-0862,10,2,3,0,0,0,LOW,LOW
synthetic-artisan-0863,6,0,6,1,0,0,LOW,LOW
synthetic-artisan-0864,35,9,14,3,4,0,HIGH,HIGH
synthetic-artisan-0865,23,5,5,1,3,0,MEDIUM,MEDIUM
synthetic-artisan-0866,35,6,8,7,6,0,HIGH,HIGH
synthetic-artisan-0867,8,0,2,0,1,0,LOW,LOW
synthetic-artisan-0868,70,14,29,8,12,0,HIGH,HIGH
synthetic-artisan-0869,58,23,23,12,27,4,HIGH,HIGH
synthetic-artisan-0870,19,5,9,5,6,0,HIGH,MEDIUM
synthetic-artisan-0871,0,2,1,0,0,0,LOW,LOW
synthetic-artisan-0872,13,3,6,8,6,0,HIGH,MEDIUM
synthetic-artisan-0873,1,1,1,0,0,0,LOW,LOW
synthetic-artisan-0874,40,20,26,9,21,2,HIGH,HIGH
synthetic-artisan-0875,8,1,25,3,2,0,HIGH,LOW
synthetic-artisan-0876,16,7,7,4,6,0,HIGH,MEDIUM
synthetic-artisan-0877,13,9,10,7,6,1,HIGH,HIGH
synthetic-artisan-0878,23,1,26,4,3,0,HIGH,MEDIUM
synthetic-artisan-0879,8,1,1,1,1,0,LOW,LOW
synthetic-artisan-0880,6,2,1,0,1,0,LOW,LOW
synthetic-artisan-0881,17,4,12,1,7,2,HIGH,HIGH
synthetic-artisan-0882,20,0,19,4,4,0,HIGH,MEDIUM
synthetic-artisan-0883,17,3,11,1,7,2,HIGH,MEDIUM
synthetic-artisan-0884,17,3,3,8,5,0,HIGH,MEDIUM
synthetic-artisan-0885,75,26,13,21,20,3,HIGH,HIGH
synthetic-artisan-0886,5,2,3,0,0,0,LOW,LOW
synthetic-artisan-0887,32,7,11,1,5,0,HIGH,MEDIUM
synthetic-artisan-0888,67,25,25,32,30,0,HIGH,HIGH
synthetic-artisan-0889,31,24,35,8,9,2,HIGH,HIGH
synthetic-artisan-0890,21,7,5,2,9,0,HIGH,HIGH
synthetic-artisan-0891,5,0,0,1,0,0,LOW,LOW
synthetic-artisan-0892,18,10,13,7,5,0,HIGH,HIGH
synthetic-artisan-0893,25,10,11,2,8,0,HIGH,HIGH
synthetic-artisan-0894,21,3,6,8,7,0,HIGH,HIGH
synthetic-artisan-0895,12,3,5,5,2,0,MEDIUM,MEDIUM
synthetic-artisan-0896,3,2,0,1,1,0,LOW,LOW
synthetic-artisan-0897,23,9,14,1,5,0,HIGH,MEDIUM
synthetic-artisan-0898,11,4,26,2,3,0,HIGH,MEDIUM
synthetic-artisan-0899,31,10,16,8,8,0,HIGH,HIGH
synthetic-artisan-0900,13,1,14,1,3,0,MEDIUM,LOW
synthetic-artisan-0901,31,12,34,16,20,5,HIGH,HIGH
synthetic-artisan-0902,46,13,23,29,28,4,HIGH,HIGH
synthetic-artisan-0903,1,0,2,0,1,0,LOW,LOW
synthetic-artisan-0904,2,0,0,1,1,0,LOW,LOW
synthetic-artisan-0905,27,4,11,5,2,1,HIGH,MEDIUM
synthetic-artisan-0906,8,3,16,1,0,1,MEDIUM,LOW
synthetic-artisan-0907,19,9,7,3,8,0,HIGH,HIGH
synthetic-artisan-0908,30,12,19,16,15,2,HIGH,HIGH
synthetic-artisan-0909,12,7,3,4,9,0,HIGH,HIGH
synthetic-artisan-0910,1,2,3,0,1,0,LOW,LOW
synthetic-artisan-0911,5,2,0,1,1,0,LOW,LOW
synthetic-artisan-0912,55,19,36,18,16,1,HIGH,HIGH
synthetic-artisan-0913,24,10,4,4,8,1,HIGH,HIGH
synthetic-artisan-0914,46,13,39,30,34,2,HIGH,HIGH
synthetic-artisan-0915,4,1,2,0,1,0,LOW,LOW
synthetic-artisan-0916,6,2,2,1,0,0,LOW,LOW
synthetic-artisan-0917,76,12,24,12,32,2,HIGH,HIGH
synthetic-artisan-0918,4,2,2,1,1,0,LOW,LOW
synthetic-artisan-0919,0,0,2,1,1,0,LOW,LOW
synthetic-artisan-0920,19,8,5,8,6,0,HIGH,HIGH
synthetic-artisan-0921,12,7,12,8,7,1,HIGH,HIGH
synthetic-artisan-0922,7,2,22,5,4,0,HIGH,MEDIUM
synthetic-artisan-0923,0,0,2,1,0,0,LOW,LOW
synthetic-artisan-0924,4,1,3,1,0,0,LOW,LOW
synthetic-artisan-0925,30,3,11,4,3,1,HIGH,MEDIUM
synthetic-artisan-0926,20,6,7,6,4,0,HIGH,MEDIUM
synthetic-artisan-0927,28,12,45,16,17,3,HIGH,HIGH
synthetic-artisan-0928,15,3,6,3,9,0,MEDIUM,MEDIUM
synthetic-artisan-0929,63,27,45,24,28,2,HIGH,HIGH
synthetic-artisan-0930,12,3,16,3,1,0,MEDIUM,MEDIUM
synthetic-artisan-0931,36,22,45,31,29,0,HIGH,HIGH
synthetic-artisan-0932,1,0,1,0,0,0,LOW,LOW
synthetic-artisan-0933,16,4,4,7,4,0,MEDIUM,MEDIUM
synthetic-artisan-0934,30,14,18,8,31,3,HIGH,HIGH
synthetic-artisan-0935,18,2,4,5,5,1,MEDIUM,MEDIUM
synthetic-artisan-0936,10,4,12,1,2,0,MEDIUM,MEDIUM
synthetic-artisan-0937,45,26,34,18,17,4,HIGH,HIGH
synthetic-artisan-0938,12,3,16,1,9,0,HIGH,MEDIUM
synthetic-artisan-0939,9,4,6,5,2,1,MEDIUM,MEDIUM
synthetic-artisan-0940,28,4,10,2,3,1,HIGH,MEDIUM
synthetic-artisan-0941,26,5,9,2,6,0,HIGH,MEDIUM
synthetic-artisan-0942,25,7,14,5,9,1,HIGH,HIGH
synthetic-artisan-0943,13,8,7,8,5,0,HIGH,HIGH
synthetic-artisan-0944,6,1,3,0,0,0,LOW,LOW
synthetic-artisan-0945,19,5,17,1,0,1,HIGH,MEDIUM
synthetic-artisan-0946,53,22,45,28,27,0,HIGH,HIGH
synthetic-artisan-0947,32,3,14,3,2,0,HIGH,MEDIUM
synthetic-artisan-0948,29,8,4,4,7,1,HIGH,HIGH
synthetic-artisan-0949,77,26,29,31,31,3,HIGH,HIGH
synthetic-artisan-0950,31,8,10,5,5,1,HIGH,HIGH
synthetic-artisan-0951,7,1,1,0,0,0,LOW,LOW
synthetic-artisan-0952,0,0,3,0,0,0,LOW,LOW
synthetic-artisan-0953,31,7,5,5,2,1,HIGH,HIGH
synthetic-artisan-0954,40,17,43,22,22,1,HIGH,HIGH
synthetic-artisan-0955,62,25,13,31,31,5,HIGH,HIGH
synthetic-artisan-0956,20,8,10,8,6,0,HIGH,HIGH
synthetic-artisan-0957,9,3,19,1,2,0,MEDIUM,LOW
synthetic-artisan-0958,64,23,42,22,23,4,HIGH,HIGH
synthetic-artisan-0959,25,8,12,6,6,0,HIGH,HIGH
synthetic-artisan-0960,14,7,8,1,6,0,MEDIUM,MEDIUM
synthetic-artisan-0961,21,8,8,1,4,0,HIGH,MEDIUM
synthetic-artisan-0962,32,3,16,5,5,0,HIGH,MEDIUM
synthetic-artisan-0963,11,9,13,7,9,1,HIGH,HIGH
synthetic-artisan-0964,7,2,0,1,1,0,LOW,LOW
synthetic-artisan-0965,13,9,4,4,6,0,HIGH,HIGH
synthetic-artisan-0966,4,1,3,0,1,0,LOW,LOW
synthetic-artisan-0967,35,3,16,4,5,0,HIGH,MEDIUM
synthetic-artisan-0968,16,1,25,5,5,0,HIGH,MEDIUM
synthetic-artisan-0969,18,3,12,8,8,0,HIGH,HIGH
synthetic-artisan-0970,19,10,15,5,7,0,HIGH,HIGH
synthetic-artisan-0971,6,1,3,0,0,0,LOW,LOW
synthetic-artisan-0972,26,4,12,8,5,0,HIGH,HIGH
synthetic-artisan-0973,10,2,3,0,0,0,LOW,LOW
synthetic-artisan-0974,14,5,5,5,7,0,HIGH,MEDIUM
synthetic-artisan-0975,23,6,16,5,4,0,HIGH,MEDIUM
synthetic-artisan-0976,13,4,6,1,4,1,MEDIUM,MEDIUM
synthetic-artisan-0977,27,8,9,1,4,0,HIGH,MEDIUM
synthetic-artisan-0978,4,2,1,0,1,0,LOW,LOW
synthetic-artisan-0979,31,10,32,26,23,4,HIGH,HIGH
synthetic-artisan-0980,6,3,29,1,1,0,HIGH,LOW
synthetic-artisan-0981,28,10,7,8,8,0,HIGH,HIGH
synthetic-artisan-0982,48,18,36,32,29,3,HIGH,HIGH
synthetic-artisan-0983,1,0,1,1,1,0,LOW,LOW
synthetic-artisan-0984,9,0,3,1,0,0,LOW,LOW
synthetic-artisan-0985,25,5,7,3,6,0,HIGH,MEDIUM
synthetic-artisan-0986,29,28,14,30,30,3,HIGH,HIGH
synthetic-artisan-0987,78,15,28,24,22,1,HIGH,HIGH
synthetic-artisan-0988,7,4,13,3,3,0,MEDIUM,MEDIUM
synthetic-artisan-0989,12,2,8,1,2,0,MEDIUM,LOW
synthetic-artisan-0990,24,2,30,5,3,0,HIGH,MEDIUM
synthetic-artisan-0991,19,3,29,3,3,0,HIGH,MEDIUM
synthetic-artisan-0992,72,16,44,9,17,2,HIGH,HIGH
synthetic-artisan-0993,10,2,13,3,8,1,HIGH,MEDIUM
synthetic-artisan-0994,3,2,2,1,1,0,LOW,LOW
synthetic-artisan-0995,8,2,1,1,1,0,LOW,LOW
synthetic-artisan-0996,33,4,7,3,6,1,HIGH,HIGH
synthetic-artisan-0997,5,0,3,1,1,0,LOW,LOW
synthetic-artisan-0998,21,5,25,5,2,1,HIGH,MEDIUM
synthetic-artisan-0999,2,0,3,1,1,0,LOW,LOW
synthetic-artisan-1000,5,0,0,0,1,0,LOW,LOW
synthetic-artisan-1001,57,23,19,14,28,1,HIGH,HIGH
synthetic-artisan-1002,25,8,5,7,5,0,HIGH,HIGH
synthetic-artisan-1003,40,21,23,20,31,0,HIGH,HIGH
synthetic-artisan-1004,11,4,20,1,2,0,HIGH,MEDIUM
synthetic-artisan-1005,7,0,2,1,0,0,LOW,LOW
synthetic-artisan-1006,75,27,28,9,9,2,HIGH,HIGH
synthetic-artisan-1007,17,9,8,1,1,0,MEDIUM,MEDIUM
synthetic-artisan-1008,22,7,5,1,3,0,MEDIUM,MEDIUM
synthetic-artisan-1009,18,1,8,2,4,0,MEDIUM,MEDIUM
synthetic-artisan-1010,0,0,3,1,1,0,LOW,LOW
synthetic-artisan-1011,18,6,11,6,7,1,HIGH,HIGH
synthetic-artisan-1012,59,12,40,8,12,0,HIGH,HIGH
synthetic-artisan-1013,7,1,1,1,1,0,LOW,LOW
synthetic-artisan-1014,19,0,20,2,4,0,HIGH,MEDIUM
synthetic-artisan-1015,2,0,2,0,0,0,LOW,LOW
synthetic-artisan-1016,9,1,29,4,3,0,HIGH,MEDIUM
synthetic-artisan-1017,10,10,15,3,7,1,HIGH,HIGH
synthetic-artisan-1018,71,11,33,7,15,3,HIGH,HIGH
synthetic-artisan-1019,28,3,16,6,3,0,HIGH,MEDIUM
synthetic-artisan-1020,70,23,41,27,36,1,HIGH,HIGH
synthetic-artisan-1021,11,9,8,3,4,1,HIGH,MEDIUM
synthetic-artisan-1022,11,3,11,7,6,0,HIGH,MEDIUM
synthetic-artisan-1023,6,0,0,0,0,0,LOW,LOW
synthetic-artisan-1024,22,6,13,3,2,0,HIGH,MEDIUM
synthetic-artisan-1025,47,27,20,18,27,0,HIGH,HIGH
synthetic-artisan-1026,25,9,9,8,5,0,HIGH,HIGH
synthetic-artisan-1027,6,1,1,1,1,0,LOW,LOW
synthetic-artisan-1028,5,1,1,0,1,0,LOW,LOW
synthetic-artisan-1029,30,10,4,5,8,0,HIGH,HIGH
synthetic-artisan-1030,14,6,16,4,9,0,HIGH,HIGH
synthetic-artisan-1031,11,10,4,7,7,0,HIGH,HIGH
synthetic-artisan-1032,28,3,15,1,2,1,HIGH,MEDIUM
synthetic-artisan-1033,2,1,0,0,1,0,LOW,LOW
synthetic-artisan-1034,13,2,24,5,3,0,HIGH,MEDIUM
synthetic-artisan-1035,18,7,16,3,4,0,HIGH,MEDIUM
synthetic-artisan-1036,7,3,23,0,0,0,MEDIUM,LOW
synthetic-artisan-1037,10,1,3,1,1,0,LOW,LOW
synthetic-artisan-1038,29,7,14,7,6,0,HIGH,HIGH
synthetic-artisan-1039,1,0,1,0,0,0,LOW,LOW
synthetic-artisan-1040,14,5,9,4,2,0,MEDIUM,MEDIUM
synthetic-artisan-1041,6,0,0,0,0,0,LOW,LOW
synthetic-artisan-1042,56,23,42,7,33,2,HIGH,HIGH
synthetic-artisan-1043,9,1,0,1,1,0,LOW,LOW
synthetic-artisan-1044,32,8,9,8,9,2,HIGH,HIGH
synthetic-artisan-1045,25,10,12,8,8,0,HIGH,HIGH
synthetic-artisan-1046,20,10,4,5,7,1,HIGH,HIGH
synthetic-artisan-1047,30,7,10,7,6,0,HIGH,HIGH
synthetic-artisan-1048,24,5,11,4,6,1,HIGH,HIGH
synthetic-artisan-1049,4,2,3,1,1,0,LOW,LOW
synthetic-artisan-1050,38,27,25,16,28,3,HIGH,HIGH
synthetic-artisan-1051,3,0,3,0,1,0,LOW,LOW
synthetic-artisan-1052,19,2,13,1,4,0,MEDIUM,MEDIUM
synthetic-artisan-1053,18,7,13,3,3,1,HIGH,MEDIUM
synthetic-artisan-1054,49,21,19,26,25,0,HIGH,HIGH
synthetic-artisan-1055,20,7,15,1,9,0,HIGH,HIGH
synthetic-artisan-1056,60,27,18,29,26,4,HIGH,HIGH
synthetic-artisan-1057,76,11,18,32,32,2,HIGH,HIGH
synthetic-artisan-1058,30,24,18,12,26,0,HIGH,HIGH
synthetic-artisan-1059,9,5,15,5,3,0,HIGH,MEDIUM
synthetic-artisan-1060,34,12,35,17,32,0,HIGH,HIGH
synthetic-artisan-1061,23,2,6,8,7,0,HIGH,HIGH
synthetic-artisan-1062,5,2,3,1,0,0,LOW,LOW
synthetic-artisan-1063,61,21,26,11,31,2,HIGH,HIGH
synthetic-artisan-1064,20,5,17,0,3,0,HIGH,MEDIUM
synthetic-artisan-1065,8,0,0,1,1,0,LOW,LOW
synthetic-artisan-1066,9,3,7,3,2,0,MEDIUM,MEDIUM
synthetic-artisan-1067,5,5,28,5,4,1,HIGH,MEDIUM
synthetic-artisan-1068,31,10,16,5,6,1,HIGH,HIGH
synthetic-artisan-1069,61,27,21,29,28,2,HIGH,HIGH
synthetic-artisan-1070,23,4,26,3,2,0,HIGH,MEDIUM
synthetic-artisan-1071,47,10,14,24,23,2,HIGH,HIGH
synthetic-artisan-1072,27,6,6,2,9,0,HIGH,HIGH
synthetic-artisan-1073,38,8,13,32,31,2,HIGH,HIGH
synthetic-artisan-1074,47,21,44,10,29,0,HIGH,HIGH
synthetic-artisan-1075,8,1,0,0,0,0,LOW,LOW
synthetic-artisan-1076,28,2,10,6,5,1,HIGH,HIGH
synthetic-artisan-1077,19,4,14,7,9,1,HIGH,HIGH
synthetic-artisan-1078,28,5,16,6,8,0,HIGH,HIGH
synthetic-artisan-1079,33,10,15,20,34,0,HIGH,HIGH
synthetic-artisan-1080,21,10,9,7,5,0,HIGH,HIGH
synthetic-artisan-1081,19,5,19,1,1,0,HIGH,MEDIUM
synthetic-artisan-1082,36,24,45,10,28,1,HIGH,HIGH
synthetic-artisan-1083,2,2,2,0,1,0,LOW,LOW
synthetic-artisan-1084,5,2,2,0,0,0,LOW,LOW
synthetic-artisan-1085,4,1,2,1,1,0,LOW,LOW
synthetic-artisan-1086,37,26,38,8,35,4,HIGH,HIGH
synthetic-artisan-1087,7,0,0,1,1,0,LOW,LOW
synthetic-artisan-1088,28,6,12,8,6,1,HIGH,HIGH
synthetic-artisan-1089,66,12,20,23,26,2,HIGH,HIGH
synthetic-artisan-1090,37,18,17,32,29,3,HIGH,HIGH
synthetic-artisan-1091,22,7,11,1,8,1,HIGH,HIGH
synthetic-artisan-1092,4,4,26,5,5,0,HIGH,MEDIUM
synthetic-artisan-1093,12,5,12,1,9,0,HIGH,MEDIUM
synthetic-artisan-1094,10,3,13,3,2,0,MEDIUM,MEDIUM
synthetic-artisan-1095,9,1,0,1,1,0,LOW,LOW
synthetic-artisan-1096,10,7,9,3,7,0,HIGH,MEDIUM
synthetic-artisan-1097,12,3,4,3,5,0,MEDIUM,MEDIUM
synthetic-artisan-1098,37,17,38,28,26,0,HIGH,HIGH
synthetic-artisan-1099,0,1,3,0,1,0,LOW,LOW
synthetic-artisan-1100,5,1,3,0,0,0,LOW,LOW
synthetic-artisan-1101,9,2,1,1,1,0,LOW,LOW
synthetic-artisan-1102,5,1,3,0,1,0,LOW,LOW
synthetic-artisan-1103,10,0,0,1,0,0,LOW,LOW
synthetic-artisan-1104,69,12,31,25,24,2,HIGH,HIGH
synthetic-artisan-1105,37,19,22,32,29,2,HIGH,HIGH
synthetic-artisan-1106,21,3,7,0,3,1,MEDIUM,MEDIUM
synthetic-artisan-1107,30,4,3,1,8,0,HIGH,MEDIUM
synthetic-artisan-1108,52,19,25,25,32,2,HIGH,HIGH
synthetic-artisan-1109,8,2,0,1,0,0,LOW,LOW
synthetic-artisan-1110,36,25,29,20,18,2,HIGH,HIGH
synthetic-artisan-1111,14,5,14,5,3,0,HIGH,MEDIUM
synthetic-artisan-1112,24,7,3,3,3,0,MEDIUM,MEDIUM
synthetic-artisan-1113,9,3,23,5,5,0,HIGH,MEDIUM
synthetic-artisan-1114,69,28,16,24,21,4,HIGH,HIGH
synthetic-artisan-1115,50,20,34,19,19,4,HIGH,HIGH
synthetic-artisan-1116,5,0,3,0,0,0,LOW,LOW
synthetic-artisan-1117,76,16,34,13,11,3,HIGH,HIGH
synthetic-artisan-1118,42,15,43,18,17,1,HIGH,HIGH
synthetic-artisan-1119,10,1,0,1,1,0,LOW,LOW
synthetic-artisan-1120,31,4,4,3,2,0,MEDIUM,MEDIUM
synthetic-artisan-1121,12,1,27,0,4,0,HIGH,LOW
synthetic-artisan-1122,57,8,39,27,27,5,HIGH,HIGH
synthetic-artisan-1123,48,21,38,15,12,3,HIGH,HIGH
synthetic-artisan-1124,26,2,14,4,1,0,HIGH,MEDIUM
synthetic-artisan-1125,20,2,9,4,6,0,HIGH,MEDIUM
synthetic-artisan-1126,11,5,19,0,1,0,MEDIUM,LOW
synthetic-artisan-1127,12,3,3,8,7,1,HIGH,HIGH
synthetic-artisan-1128,43,11,42,14,36,1,HIGH,HIGH
synthetic-artisan-1129,61,15,16,31,31,2,HIGH,HIGH
synthetic-artisan-1130,28,3,4,1,1,0,MEDIUM,MEDIUM
synthetic-artisan-1131,31,22,15,16,25,3,HIGH,HIGH
synthetic-artisan-1132,0,2,0,1,1,0,LOW,LOW
synthetic-artisan-1133,6,0,0,1,1,0,LOW,LOW
synthetic-artisan-1134,67,27,18,17,26,4,HIGH,HIGH
synthetic-artisan-1135,20,5,4,2,2,0,MEDIUM,MEDIUM
synthetic-artisan-1136,16,4,13,5,6,0,HIGH,MEDIUM
synthetic-artisan-1137,2,0,0,0,1,0,LOW,LOW
synthetic-artisan-1138,26,7,7,3,3,0,HIGH,MEDIUM
synthetic-artisan-1139,10,10,12,3,3,0,HIGH,MEDIUM
synthetic-artisan-1140,16,5,13,4,2,0,HIGH,MEDIUM
synthetic-artisan-1141,57,27,33,25,24,5,HIGH,HIGH
synthetic-artisan-1142,15,3,10,1,8,0,MEDIUM,MEDIUM
synthetic-artisan-1143,32,5,10,4,4,0,HIGH,MEDIUM
synthetic-artisan-1144,52,14,37,12,32,5,HIGH,HIGH
synthetic-artisan-1145,5,0,0,0,1,0,LOW,LOW
synthetic-artisan-1146,30,7,3,1,4,0,MEDIUM,MEDIUM
synthetic-artisan-1147,4,2,1,1,0,0,LOW,LOW
synthetic-artisan-1148,2,1,0,0,0,0,LOW,LOW
synthetic-artisan-1149,35,3,8,4,5,0,HIGH,MEDIUM
synthetic-artisan-1150,70,13,45,32,32,4,HIGH,HIGH
synthetic-artisan-1151,2,0,1,1,1,0,LOW,LOW
synthetic-artisan-1152,30,5,3,4,9,0,HIGH,HIGH
synthetic-artisan-1153,11,6,16,3,9,2,HIGH,HIGH
synthetic-artisan-1154,1,1,0,0,1,0,LOW,LOW
synthetic-artisan-1155,69,24,35,22,22,2,HIGH,HIGH
synthetic-artisan-1156,61,23,43,22,22,2,HIGH,HIGH
synthetic-artisan-1157,3,1,1,1,0,0,LOW,LOW
synthetic-artisan-1158,22,4,16,6,5,0,HIGH,MEDIUM
synthetic-artisan-1159,46,22,45,18,15,2,HIGH,HIGH
synthetic-artisan-1160,20,8,10,8,7,0,HIGH,HIGH
synthetic-artisan-1161,22,2,5,8,8,0,HIGH,HIGH
synthetic-artisan-1162,12,6,16,2,5,1,HIGH,MEDIUM
synthetic-artisan-1163,5,0,1,1,0,0,LOW,LOW
synthetic-artisan-1164,10,1,1,0,1,0,LOW,LOW
synthetic-artisan-1165,4,1,2,1,1,0,LOW,LOW
synthetic-artisan-1166,26,4,16,7,6,0,HIGH,HIGH
synthetic-artisan-1167,26,10,15,8,8,0,HIGH,HIGH
synthetic-artisan-1168,16,8,15,7,7,0,HIGH,HIGH
synthetic-artisan-1169,28,4,7,1,8,1,HIGH,HIGH
synthetic-artisan-1170,23,8,13,7,9,0,HIGH,HIGH
synthetic-artisan-1171,11,4,5,6,7,2,HIGH,HIGH
synthetic-artisan-1172,6,4,18,1,3,0,MEDIUM,MEDIUM
synthetic-artisan-1173,19,3,5,2,9,0,MEDIUM,MEDIUM
synthetic-artisan-1174,3,0,3,1,0,0,LOW,LOW
synthetic-artisan-1175,26,3,10,1,6,0,HIGH,MEDIUM
synthetic-artisan-1176,23,8,5,2,3,0,HIGH,MEDIUM
synthetic-artisan-1177,52,14,20,13,15,2,HIGH,HIGH
synthetic-artisan-1178,9,1,1,1,1,0,LOW,LOW
synthetic-artisan-1179,2,1,0,1,0,0,LOW,LOW
synthetic-artisan-1180,19,3,20,4,2,0,HIGH,MEDIUM
synthetic-artisan-1181,24,7,14,5,7,0,HIGH,HIGH
synthetic-artisan-1182,15,8,10,7,7,0,HIGH,HIGH
synthetic-artisan-1183,11,5,16,3,5,1,HIGH,MEDIUM
synthetic-artisan-1184,32,14,43,20,30,2,HIGH,HIGH
synthetic-artisan-1185,1,2,2,1,1,0,LOW,LOW
synthetic-artisan-1186,8,0,3,0,0,0,LOW,LOW
synthetic-artisan-1187,31,9,9,6,7,1,HIGH,HIGH
synthetic-artisan-1188,4,0,1,1,1,0,LOW,LOW
synthetic-artisan-1189,12,10,13,4,8,0,HIGH,HIGH
synthetic-artisan-1190,38,8,18,12,15,0,HIGH,HIGH
synthetic-artisan-1191,10,0,2,0,1,0,LOW,LOW
synthetic-artisan-1192,16,2,13,4,8,0,HIGH,MEDIUM
synthetic-artisan-1193,19,9,3,1,1,1,MEDIUM,MEDIUM
synthetic-artisan-1194,15,1,12,0,0,0,MEDIUM,LOW
synthetic-artisan-1195,14,1,27,5,5,0,HIGH,MEDIUM
synthetic-artisan-1196,70,13,22,8,19,2,HIGH,HIGH
synthetic-artisan-1197,30,5,12,4,9,0,HIGH,HIGH
synthetic-artisan-1198,3,0,2,1,1,0,LOW,LOW
synthetic-artisan-1199,20,2,9,4,8,0,HIGH,MEDIUM
synthetic-artisan-1200,21,2,4,4,7,0,MEDIUM,MEDIUM
